{"1": {"weights": [0.9916225809891109, 0.9886634487615582, 0.9890482176828364, 0.9942017543777361, 0.99446914486934, 0.9941149044427583, 0.9969043207707549, 0.996327487217853, 0.9960340504591999], "bias": 0.22940241723889243}, "2": {"weights": [1.1726058494299136, 1.0189329315464446, 1.0937381750481106, 0.2850371556610136, 0.5334926901393539, 0.6958872713580783, 0.6784744383765331, 0.8007999448426608, 0.43769451855365066], "bias": 0.3637638729658778}, "3": {"weights": [0.9884423230971805, 0.9858340243714954, 0.9857055925030845, 0.9950177791949717, 0.9948982164204823, 0.9953968800187173, 0.99602726572454, 0.9939233349162034, 0.9918276914411414], "bias": 0.2723574582508539}, "4": {"weights": [1.297156957261843, 1.1293211788318807, 1.0233874600732744, 0.9045299308890131, 1.159529804301451, 0.5626858448370895, 0.44135190787054585, 0.9103104245014112, 1.1392474522515552], "bias": 0.39375528691285}, "5": {"weights": [0.9592380735406552, 0.9657066037665222, 0.953701217564511, 1.0008762560692706, 0.9954841581200077, 1.0035101842911023, 0.9972935694907938, 1.0007681888110678, 0.9946816295409037], "bias": 0.2629790983087903}, "6": {"weights": [0.5190937571389103, 0.26846884870015947, 0.4562359091599009, -0.0883521810979071, -0.09014937217959373, -0.2635548922301503, 0.3268782606052675, -0.046009531683432026, 0.23963194968914878], "bias": 0.07582713498713725}, "7": {"weights": [0.44912085715693384, 0.1354375985349393, -0.08228183690811756, 0.3189393297619845, 0.26818055482158565, 0.2399186881665936, 0.9587707399264007, 1.4040787950395484, 1.3704248412096656], "bias": 0.19782465539257657}}